{
    "OperatorName": "AlphaPoint",
    "OperatorLogo": "./images/logos/ap-logo.svg",
    "TermsConditionsURI": "https://alphapoint.com/terms",
    "PrivacyPolicyURI": "https://alphapoint.com/privacy",
    "AboutURI": "https://www.alphapoint.com",
    "AssetsBaseURI": "",
    "Language": {
        "PreferredLanguageID": "en-US",
        "Languages": [
            {
                "Id": "en-US",
                "Name": "English",
                "File": "language/en-US/index.json"
            },
            {
                "Id": "pt-BR",
                "Name": "Português",
                "File": "language/pt-BR/index.json"
            }
        ]
    },
    "Widgets": [
        {
            "Name": "a-instruments-widget",
            "URI": null
        },
        {
            "Name": "a-order-widget",
            "URI": null
        },
        {
            "Name": "a-order-book-widget",
            "URI": null
        },
        {
            "Name": "a-charts-widget",
            "URI": null
        },
        {
            "Name": "a-public-trades-widget",
            "URI": null
        },
        {
            "Name": "a-account-balances-widget",
            "URI": null
        },
        {
            "Name": "a-account-orders-widget",
            "URI": null
        },
        {
            "Name": "a-account-trades-widget",
            "URI": null
        }
    ],
    "Theme": "Twilight",
    "Themes": [
        {
            "Name": "Twilight",
            "URI": "/css/themes/twilight.css"
        },
        {
            "Name": "Space Gray",
            "URI": "/css/themes/space_gray.css"
        },
        {
            "Name": "Blue Steel",
            "URI": "/css/themes/blue_steel.css"
        },
        {
            "Name": "Trinance",
            "URI": "/css/themes/trinance.css"
        },
        {
            "Name": "Basecoin",
            "URI": "/css/themes/basecoin.css"
        },
        {
            "Name": "Platinum",
            "URI": "/css/themes/platinum.css"
        }
    ],
    "Layout": "Beta",
    "Layouts": {
        "Desktop": [
            {
                "Name": "Demo",
                "URI": "/css/layouts/demo.css"
            },
            {
                "Name": "Beta",
                "URI": "/css/layouts/beta.css"
            }
        ],
        "Mobile": [
            {
                "Name": "Demo",
                "URI": "/css/layouts/demo.css"
            },
            {
                "Name": "Beta",
                "URI": "/css/layouts/beta.css"
            }
        ]
    },
    "AllowUserAuthentication": true,
    "AllowUserRegistration": true,
    "ShowOrderBookSpread": true,
    "ChartDefaultSpanMinutes": 120,
    "InstrumentSelectorFilters": [
        { "Name": "All", "FilterText": null },
        {
            "GroupName": "Crypto",
            "Filters": [
                { "Name": "BTC", "FilterText": "btc" },
                { "Name": "ETH", "FilterText": "eth" }
            ]
        },
        {
            "GroupName": "Fiat",
            "Filters": [
                { "Name": "USDT", "FilterText": "usdt" },
                { "Name": "CAD", "FilterText": "cad" }
            ]
        }
    ],
    "Verification": {
        "en-US": [
            {
                "Level": 0,
                "Header": "Unverified",
                "VerifiedSymbol": "✓",
                "Description": "",
                "Requirements": [
                    "Requirements",
                    "Email verification"
                ],
                "Benefits": [],
                "Limits": [
                    "Limits",
                    "Unlimited crypto deposits",
                    "Unlimited trading",
                    "Crypto withdrawals disabled",
                    "Fiat deposits disabled"
                ],
                "IframeTitle": "Unverified Application",
                "IframeURI": "https://example.com/?verificationLevel=0"
            },
            {
                "Level": 1,
                "Header": "Verified",
                "VerifiedSymbol": "✓",
                "Description": "Same as Level 1, plus:",
                "Requirements": [
                    "Requirements",
                    "ID verification"
                ],
                "Benefits": [],
                "Limits": [
                    "Limits",
                    "Deposit up to $500,000 a day",
                    "Withdraw up to $500,000 a day",
                    "Unlimited crypto deposits",
                    "Unlimited crypto withdrawals",
                    "Unlimited trading"
                ],
                "IframeTitle": "Verified Application",
                "IframeURI": "https://example.com/?verificationLevel=1"
            },
            {
                "Level": 2,
                "Header": "Corporate",
                "VerifiedSymbol": "✓",
                "Description": "Same as Level 1 + 2, plus:",
                "Requirements": [
                    "Requirements",
                    "Corporate application",
                    "Supporting corporate documentation",
                    "Identification of beneficial owners"
                ],
                "Benefits": [
                    "Benefits",
                    "Custom FIAT limits",
                    "Higher limits for buying, selling, Crypto trades",
                    "Higher deposit and withdrawal limits"
                ],
                "Limits": [
                    "Limits",
                    "Unlimited fiat deposits",
                    "Unlimited fiat withdrawals",
                    "Unlimited crypto deposits",
                    "Unlimited crypto withdrawals",
                    "Unlimited trading"
                ],
                "IframeTitle": "Corporate Application",
                "IframeURI": "https://example.com/?verificationLevel=2"
            }
        ],
        "pt-BR": [
            {
                "Level": 0,
                "Header": "(p)Unverified",
                "VerifiedSymbol": "✓",
                "Description": "",
                "Requirements": [
                    "(p)Requirements",
                    "(p)Email verification"
                ],
                "Benefits": [],
                "Limits": [
                    "(p)Limits",
                    "(p)Unlimited crypto deposits",
                    "(p)Unlimited trading",
                    "(p)Crypto withdrawals disabled",
                    "(p)Fiat deposits disabled"
                ],
                "IframeTitle": "(p)Unverified Application",
                "IframeURI": "https://example.com/?verificationLevel=0"
            },
            {
                "Level": 1,
                "Header": "(p)Verified",
                "VerifiedSymbol": "✓",
                "Description": "(p)Same as Level 1, plus:",
                "Requirements": [
                    "(p)Requirements",
                    "(p)ID verification"
                ],
                "Benefits": [],
                "Limits": [
                    "(p)Limits",
                    "(p)Deposit up to $500,000 a day",
                    "(p)Withdraw up to $500,000 a day",
                    "(p)Unlimited crypto deposits",
                    "(p)Unlimited crypto withdrawals",
                    "(p)Unlimited trading"
                ],
                "IframeTitle": "(p)Verified Application",
                "IframeURI": "https://example.com/?verificationLevel=1"
            },
            {
                "Level": 2,
                "Header": "(p)Corporate",
                "VerifiedSymbol": "✓",
                "Description": "(p)Same as Level 1 + 2, plus:",
                "Requirements": [
                    "(p)Requirements",
                    "(p)Corporate application",
                    "(p)Supporting corporate documentation",
                    "(p)Identification of beneficial owners"
                ],
                "Benefits": [
                    "(p)Benefits",
                    "(p)Custom FIAT limits",
                    "(p)Higher limits for buying, selling, Crypto trades",
                    "(p)Higher deposit and withdrawal limits"
                ],
                "Limits": [
                    "(p)Limits",
                    "(p)Unlimited fiat deposits",
                    "(p)Unlimited fiat withdrawals",
                    "(p)Unlimited crypto deposits",
                    "(p)Unlimited crypto withdrawals",
                    "(p)Unlimited trading"
                ],
                "IframeTitle": "(p)Corporate Application",
                "IframeURI": "https://example.com/?verificationLevel=2"
            }
        ]
    },
    "APIConfig": {
        "InstanceId": "ff80a820-5ff1-459c-b034-bb8611d2fe23",
        "GatewayServers": [
            "https://demoapex.cdnhop.net:9009"
        ],
        "GlobalInstrumentDataServer": "https://fg-staging1.cdnhop.net:19021",
        "APEXGateway": "wss://demo.alphapoint.com:8444/WSGateway"
    }
}